code,freq
descriptive,611
quantitative,1475
specific,91
comparative,1425
informative,33
instructional,69
technical,156
visual representation,175
technical terminology,40
precise,23
spatial orientation,19
scientific,18
categorical,136
color,1
simplicity,33
concrete,3
visual imagery,3
temporal,733
weather-related terminology,11
causal,125
conclusive,5
geographical,305
probability (likely),1
geographic reference (seattle),1
"quantitative  (wide range, temperature difference)",1
present tense usage,6
adverb,6
conjunction,18
adjective,3
geographical references,32
ambiguity,68
lack of clarity,10
metaphorical,23
numerical data,27
mathematical,51
meteorological terminology,4
precise measurement,1
implicit assumption,30
statistical,458
numerical,55
abstract,63
sequential,58
process-oriented,2
specificity,221
accuracy,2
clarity,20
objectivity,23
contraction,7
comparative adjectives,2
cause and effect relationships,1
subjectivity,22
contrasting conjunctions,1
temporal conjunctions,1
personal pronouns,2
subjective,10
weather-related,2
cause and effect,29
conditional,46
inferential,12
logical reasoning,1
factual information,10
comparative analysis,204
factual,46
subjective perception,2
climate-related terminology,1
comparative degree,36
ordinal numbers,1
temporal context,63
comparative measures,1
qualitative terms,1
ordinal,1
objective,24
scientific terminology,19
subject-specific,15
comparative terms,19
weather-related terminology.,1
cause-effect relationship,34
natural phenomena.,1
meteorological terms,1
absence of technical jargon,6
simple sentence structure,19
conjunctions for list-making,1
spatial,66
demographic,58
health-related,37
fractional,2
formal,384
persuasive,10
analytical,195
explanatory,1
contextual,39
socio-economic,18
health and education related,1
informal,13
"colloquial terms (""hangout"")",1
"temporal references (""back then"")",1
"contrast (""pre-social media""",1
gender-specific,136
age-specific,35
population-specific,2
time-specific,13
non-technical,3
gender-specific terminology,3
statistical data,24
formal tone,7
passive voice,211
indirectness,12
inclusivity,3
formality,14
geographical context,125
demographic focus,8
statistical inference,7
statistical data presentation,3
age-specific demographic focus,1
reflective,2
indicative of socio-economic issues,1
suggestive of geographical disparities,1
hypothetical,19
emotive,5
lack of context,21
open-endedness,4
uncertainty,8
inconsistency,3
abstractness,15
context-dependency,13
connotation,2
cultural specificity,8
generalized,5
gender-related,5
improvement-oriented,1
economic,159
gender-focused,5
political,12
geographic,39
gender disparity,5
economic indicators,4
regional comparison,2
employment status,4
geographic-specific,4
ability-focused,1
geographically specific,1
employment-related,24
economic-related,1
social inequality-related,1
cultural context,48
gender focus,3
opportunity-oriented,1
western-centric,1
affirmative tone,1
employment-related terminology,8
negative connotation,58
economic implications,7
global perspective,17
indicative mood,25
complex sentence structure,7
futuristic,1
economic terminology,89
socio-economic implications,2
regional specificity,1
implicit bias,10
employment statistics,5
socio-economic factors,6
geographic focus,1
quantitative analysis,42
comparative approach,1
ratio,1
implicit comparison,18
indirect statement,2
visual,122
opinion-based,1
government-related,2
innovation-focused,1
directness,19
comparativeness,9
definitiveness,3
generalization,28
perception of government role,1
innovation drivers,1
quantitative assessment,14
political context,25
neutral tone,41
indirect assertion,1
agreement/disagreement,1
population-based,3
of agreement,1
of geography,6
implicit,7
geographical reference,44
comparative structure,50
implicit subject,4
present tense,62
indicative,16
assumptive,6
assertive,7
generalizing,12
negative,15
indirect,2
percentage-based,18
evaluative,72
geographic location,8
perception of innovation,1
political influence,1
innovation drive,1
governmental role,1
political implication,1
innovation-related,2
comparative nature,7
implicitness,3
cultural,7
innovation-related terminology,1
innovation-oriented,1
objective tone,49
factual presentation,3
interpretative,1
contradictory,2
digital,9
digital communication,7
emoji usage,1
geographic differences,1
human-computer interaction,2
digital communication context,2
cultural implication,1
african  representation,1
tanzanian  usage,1
emoji usage in,1
comparative  analysis,1
cross-cultural  characteristics,1
of statistics,5
of digital communication,1
of comparison,5
of percentages,1
multilingualism,2
visual communication (emojis),1
intent and mood conveyance,1
cross-cultural communication,1
non-verbal communication,2
gender-specific  use,1
visual  (emojis),1
brevity,26
acronym,2
replacement of emojis,1
text-based communication,1
emotional,5
geographical distinction,3
employment benefits,1
time allocation,1
interpretive,2
conceptual,2
social media usage,1
barriers in communication,1
cross-cultural interactions,1
learning motivation,1
symbolic representation,8
universality,1
cross-cultural understanding,1
population-related,3
cultural influence on  use,1
visual elements in communication,1
informality in digital communication,1
regional differences in  use,1
integration of emojis in,1
written,1
symbolic,7
expressive,4
figurative,2
quantitative description,7
temporal sequence,1
emotion-based,1
quantitative data,30
geographic categorization,3
emotion expression,1
emotional expression,1
frequency of usage,2
repetition,7
informality,3
contemporary usage,1
technological context,7
frequency of use,1
cultural relevance,1
of frequency,1
of technology,3
of cultural behavior,1
of inference,1
exclusivity,3
continental,1
ranking/ordering,1
specific cultural references,2
ranking terminology,2
exceptional,6
concise,36
cause-effect,12
economic status,4
technological accessibility,1
socio-economic disparity,1
communication infrastructure,1
simplified,8
hierarchical,13
research-oriented,5
multinational perspective,1
commas for list separation,1
conjunction 'and' for final item in list,1
reflective of cultural advancement,1
indicative of digital communication trends,1
non-verbal.,1
active voice,32
digital service reference,1
quantification,48
comparison,36
diversity,1
geographic reference,12
quantitative information,5
technological,16
ranking,8
specific terminology,28
geographic references,7
cause-and-effect,5
explicitness,7
contextuality,11
concreteness,13
noun-based,1
context-dependent,10
subject-oriented,1
problem-focused,1
english,28
quantitative measurement,6
digital terminology,2
implicit social commentary,1
ranking system,2
implicit quantification,1
abstract concept,10
specificity in,51
temporal relevance,1
technological terminology,2
technological performance,1
regional grouping,1
temporal aspect,18
technological aspect,2
quantitative measure,16
of generalization,1
of measurement,1
speed measurement,1
implicit reference to internet connectivity,1
comparative aspect,2
subject-specific terminology,25
of digital media,1
of speed measurement,2
performance measurement,3
entertainment industry context,4
subject matter relevance,1
geographic context,8
causality,16
temporality,37
evaluation,6
of digital technology,1
of online streaming services,1
of numerical data.,1
technicality,8
conciseness,64
data-driven,30
future-oriented,54
technology-focused,3
assumption-based,4
specific audience targeting (us adults),1
brand-specific,2
"subject-specific terminology (tv, other devices)",1
implicit assumption  (difference is very large),1
device-specific,1
summative,2
third person perspective,11
assumption,5
media-related,8
technology-related,3
brand reference,2
geographic specificity,10
negative statement,3
specific user group (us adults),1
specific technology (apple watch),1
absence of activity (media consumption),1
geographical context (us),2
consumer behavior,3
demographic-specific,9
media-specific terminology,1
variation in  use,1
media consumption habits,5
demographic differences,1
media consumption hierarchy,1
variety of digital devices,1
presence of traditional media,1
inclusion of wearable technology,1
american adult demographic,1
subject-object relationship,1
device usage,1
time-oriented,9
age-related,5
specific brand (apple),1
specific product (watch),1
reference to a specific demographic (us adults),1
technology-oriented,3
specificity in media devices,1
medium,1
usage,1
negative assertion,2
specific demographic (us adults),1
specific product reference (apple watches),1
contemporary,1
media-specific,1
media-focused,2
competitive,3
simplified statistical,1
specificity (referring to a particular product - apple watch),1
quantitative  (usage amount),1
absoluteness,1
non-technical vocabulary,1
media preference,1
consumption format,1
listening versus reading,1
popularity of radio,1
american media consumption habits,1
directional,22
graphical,34
color-coded,9
"specific terminologies (practitioners, retail pharmacies, chain pharmacies)",1
sector-specific,2
trend description,5
industry-specific terminology,31
contrastive,8
action-oriented,45
past tense,99
"subject-specific  (practitioners, purchases)",1
variability,1
industry-related terminology,4
specific time reference (2008),1
quantitative  (low number of transactions),1
subject-specific terminology (transactions),1
transactional,8
human-centric,1
pattern identification,1
alliteration,1
contrast,1
adjectives for description,1
industry-specific context,1
trend identification,5
temporal progression,6
professional,3
past tense usage,96
negative construction,8
specific time reference,11
third person narrative,1
impersonal tone,3
fact-based statement,5
chronological narrative,1
incorrect grammar usage,3
inconsistent tense usage,1
vague terms,1
lack of clarity in sentence structure,1
incorrect punctuation usage,1
stabilizing,1
implicit causality.,1
uncertainty.,1
quantitative expression,4
temporal reference,31
factual statement,21
specificity in subject (retail pharmacies),1
quantitative  (most pills),1
temporal context (2013),1
indirect object usage,7
business-specific terminology,1
business-oriented,81
professional jargon,1
professional roles,1
financial transactions,1
time period comparison,1
future-oriented perspective,4
assertive tone,2
quantitative terms,11
third-person perspective,3
temporal references,14
comparative structures,4
quantitative expressions,3
domain-specific terminology,4
observational,9
sector-specific  (retail and chain pharmacies),1
consistency,3
medical,11
graphical representation,32
medical terminology,48
interval notation,1
fear-inducing,1
mortality-related,3
time-related,5
numerical representation,3
age specification,2
colloquial,3
percentage usage,3
reference to a reliable source (google),1
age-specific information.,1
negation,5
speculative,5
fact-based,9
diminutive,1
statistical terms,2
age as a variable,1
cause and effect relationship,20
temporal expressions.,1
risk-assessment,1
inclusive,15
vulnerability-focused,1
of health and mortality,1
of demographics,1
of age-related trends,1
of cultural or ethnic specificity,1
incremental,14
abstract concepts,12
age-related context,1
specific age range indication,1
statistical terminology,11
machine learning,1
data analysis,46
descriptive .,1
is symbolic,1
is structured,1
is dynamic,1
is used for communication,1
has a hierarchical organization,1
observation,1
inference,3
programming,18
performance-oriented,2
efficiency measurement,1
improvement potential,1
syntax complexity,1
mathematical symbols,1
abbreviation usage,1
implicit context understanding,1
conditional statements,4
grouping and combining configurations,1
focus on classification accuracy,1
comparison of different configuration states,1
achievement of highest classification.,1
programming  related,1
involves testing and training,1
refers to a combination of elements,1
indicates a discrepancy or gap,1
pertains to performance evaluation,1
abbreviation,33
presence of mathematical terms,1
indication of comparison,1
technical jargon,8
complexity,11
combination,1
configuration,1
verbal,1
accuracy measurement,1
precision,12
specificity in details,3
quantitative aspect,4
progression,1
symbol,3
specificity in context,1
absolutist,2
implicit knowledge,2
field-specific jargon,1
percentage,9
incorrect spelling,4
lack of specific details,2
collaborative nature,1
comparative performance,1
interdependency,1
synergistic effect,1
jargon related to human-computer interaction,1
concise structure,2
outcome-oriented,8
legal,8
incorrect syntax,2
mis words,1
incomplete information,5
normative,1
definitive,4
limiting,3
global context,10
regulatory,2
indirect questioning,2
hypothetical scenarios,1
percentages to quantify information,1
inclusion of potential consequences,1
involvement of multiple subjects (child,1
negative contractions,1
conditional phrases,1
"specific terminology (fermented drinks, id)",1
indirect suggestion,1
generalization (sometimes,1
non-personal,1
legal terminology,17
clear and concise,4
geographic terminology,1
beverage industry terminology,1
logical,1
comparativity,4
lack of specificity,5
absence of colloquial,1
informative style,1
substance-related,1
global,4
specificity in definitions,1
incomplete structure,2
absence of context,4
grammatical inconsistency,1
specific range,1
subject matter related to alcohol content.,1
gradual progression,1
socioeconomic disparity,3
inequality in opportunities,1
wealth-based privilege,1
class discrimination,1
economic status influence,1
health inequality,1
mortality risk,1
access to healthcare,2
social justice,1
socioeconomic,15
implicit social issues,1
economic disparities,1
education inequality,1
reproductive health rights,1
societal,2
implicit socioeconomic comparison,1
assumption of correlation between wealth and family size,1
assumption of correlation between wealth and delivery method,1
positive,7
social inequality,1
healthcare accessibility,1
financial constraints,1
discrimination,1
financial stability,1
percentage of c-section births,1
correlation between financial stability and c-section births,1
socioeconomic factors in birth methods,1
health economics.,1
negative correlation,2
socioeconomic context,6
biological context,10
data-oriented,31
statistic,3
commercial context,20
naming,1
locational reference,1
business identification,1
commercial activity,5
health-related context,10
identification,2
assertion,1
monopolistic,1
commercial,22
superlative,4
corporate entity,1
"proper nouns (rite aid, walgreens, cvs)",1
business-oriented terminology,10
market-specific jargon,1
implicit hierarchy establishment,1
parentheses for additional information,5
geographical location,4
business terminology,65
specificity in naming a business entity,1
proper nouns,13
descriptiveness,8
factuality,4
parenthesis,4
enumeration,1
business context,6
imperative,39
implicit bias towards larger companies,1
specific naming,4
implicative,2
bidirectional,1
market dynamics,1
health sector relevance,1
specificity in entities,3
temporal neutrality,1
outcome-oriented .,1
hypothesis,1
geographic segmentation,1
individual vs. collective behavior,1
preference,4
viewing habits,3
social interaction,5
media consumption,2
asian origin,2
multilingual,1
non-english,2
east asian s,1
used in media consumption context,1
binge-watching behavior,1
partnership dynamics,1
and communication,1
behavioral,5
psychological,1
sociocultural,1
living conditions,2
value systems,1
individualism,1
causal reasoning,1
subject matter specificity,2
behavioral observation,3
social dynamics,1
social,2
problem-oriented,5
relationship status,1
lifestyle differences,1
social interaction dynamics,1
"common, everyday",1
implies a global trend,1
interpersonal interaction,1
social context,4
preference-oriented,1
individualistic behavior,1
preference for solitude,1
digital entertainment trends,1
popularity of specific media trends,1
individual viewing habits,1
influence of animation industry,1
perception of solitude,1
geographical differences,1
stigma associated with activities,1
institutional,3
victim-related,1
historical context,27
time frame specification,2
preposition,44
cyclical,4
future projection,1
trend analysis,26
periodic,4
progressive,10
specific time frame reference,4
time-specific references,6
statistical trend terminology,1
specific date ranges,1
implicit cause-effect assumption,1
past perfect tense,4
trend,8
period-specific,2
historical reference,7
historical referencing,3
socio-cultural context,1
technical terms,21
exclusionary,10
factual tone,15
specific geographical reference,5
educational,11
educational status,3
change over time,1
positive and negative connotations,1
specific demographic focus,2
categorical classification,3
financial,106
racial,5
ethnicity-specific,2
negative and positive connotations,1
educational level,2
specific demographic,1
racially specific,1
negative trend,1
educational attainment,6
racial/ethnic,2
singular,4
socioeconomic factors,2
racial disparity,2
financial implications,1
racial/ethnic categorization,2
financial/economic,1
of education,2
of ethnicity,1
of change,1
socio-economic context,15
racial context,1
educational context,4
demographic factors,1
socioeconomic implications,2
educational factors,1
statistical analysis,15
financial status,1
ethnicity-based analysis,1
racial demographics,2
of social science,1
of economics,2
of racial and ethnic studies,1
quantitative representation,3
data visualization,57
metaphoric,2
modal verb (doesn't seem),1
"quantitative  (increase, number)",1
abstract nouns (relationship,1
analytical tone,1
year-specific references,1
geographical specificity,9
statistical observation,1
temporal  (2010),1
geographical  (west virginia),1
causal  (due to),1
quantitative  (large increase),1
statistical comparison,1
social issue context,2
time-specific reference,10
quantitative statement,1
population-focused,12
human-centered,4
passive construction,2
specificity in data,1
stability-oriented,1
correlational,9
implicit causality,7
societal context,9
hypothetical reasoning,3
problem-solution structure,1
numerical data usage,5
iterative process indication,1
indication of trend or pattern,1
evaluative .,2
iterative,1
precision-focused,1
predictive,64
precision-oriented,3
metaphorical  (zig-zag),1
"technical  (recurring pattern, graph)",1
pattern-oriented,1
cyclic,1
gradual progression.,1
continuous aspect,2
pattern recognition,4
historical,21
economic context,46
statistical representation,1
temporal  (2009),1
quantitative  (9%),1
passive voice (there is),1
abstract  (spike),1
specificity (in,1
neutral,6
future-focused,3
positive tone,3
present continuous tense,3
subject-verb agreement,3
comparative adjective,3
implicit context.,1
retail,1
marketing,2
business-related,22
economic influence,1
time specificity,1
stability,4
directionality,2
quantitative nature,6
trend-focused,2
quantitative comparison,14
continuity,6
uniformity,1
specificity in time frame,4
corporate,22
temporal markers,4
business,37
temporal  (2011),1
"economic  (economic crisis, sales)",1
causal  (resulted in),1
probability  (probably),1
negative  (,1
monetary reference,2
affirmative sentence,1
simple sentence,1
annual periodicity,1
financial terminology,59
fact-stating,1
temporal  (2008 recession),1
"economic  (interest rates, recession)",1
passive voice (have lowered),1
cause and effect  (since,1
absolute,1
continuity expression,1
future orientation,2
future prediction,15
temporal  (after 2009),1
probabilistic  (probably),1
causal  (used low interest rates to get people to invest more),1
chronological context,1
absolute terms,1
continuity in trend,1
stability-focused,4
parenthetical,3
declinative,3
future perfect tense,5
static,1
time-specific referencing,1
estimative,1
range,3
time references,1
seasonal,1
directional .,1
divisive,1
"temporal  (2008, during one year)",1
"quantitative  (-20%, one year)",1
"causal  (shock happened, made the exports",1
cause-effect .,1
"metaphorical  (zigzag, dip)",1
"temporal  (year 2015, end of the graph)",1
c,2
causal relationship,1
year specification,1
indication of time,3
implication of change or transition,1
negative/positive,1
specific time frame,2
implication of change over time,1
possessive pronoun,4
descriptive adjectives,4
a metaphorical,1
exception clauses.,1
continuous,5
gender differentiation,3
temporal analysis,1
employment context,1
color coding,7
data comparison,1
contradiction,1
factual assertion,1
perception manipulation,1
time-bound,2
statistical context,7
gender-specific reference,1
gender inclusivity,2
misleading representation,1
gender-based comparison,1
contradiction in data interpretation,1
visual data (graph) usage,1
inefficiency,1
unintuitiveness,1
manipulative,1
deceptive,1
associative,3
gender-inclusive,1
non-discriminatory,1
scale-related .,1
employment instability,1
human condition,2
job market dynamics,1
abbreviations for years,1
symbols for currency,1
numerical values,6
prepositions for temporal context,1
future tense,44
indirect speech,4
monetary terms,1
agricultural,3
temporal  (2007),1
"quantitative  (most elevated futures price, pound)",1
subject-specific  (futures price),1
commodity-specific  (,1
specificity in time frames,1
monetary,5
spatial .,1
concrete noun usage,2
time reference,1
indefinite subject,1
commodity,1
market,1
monetary value,2
commodity identification,2
lack of precision,1
misplacement of data,1
inappropriate  terminology,1
absence of logical structure,1
temporal  (after 2005),1
quantitative  (the price for a pound of oranges),1
comparative  (follows),1
descriptive  (,1
value-based,5
numeric representation of years,1
passive voice construction,1
possessive in reference to inanimate objects,1
implicit temporal context,5
residential property context,1
indication of time ('12 on),1
pronouns (they),1
continuous action (haven't stopped),1
temporal  (referring to a specific year),1
quantitative  (using percentages and specific numbers),1
geographical  (mentioning a specific location),1
monetary value specification,1
quantitative data presentation,1
property valuation,1
growth-oriented,5
economic impact,1
technological influence,1
geographical focus,6
societal change,1
economic valuation,1
residential property focus,1
exponential growth,1
temporal  (year '12),1
"quantitative  (20%, $1 million)",1
geographical  (san francisco's homes),1
comparative  (or,1
indication of time progression,1
implicit reference to a specific event or time,1
visual descriptive,1
geographical referencing,1
employment of action verbs,1
adverbs to describe movement,1
regularity in,1
fluctuation,1
absolute terminology,1
patterned,1
active,1
action verbs,2
parenthetical statements,1
visual representation .,1
temporal  (2008),2
"quantitative  (5%, massive difference)",1
causal  (make a difference),1
"subject-specific  (input, overall",1
economic data,1
statistical information,3
temporal  (soon after 1990),1
geographical  (the us),1
"statistical  (unemployment rate, percentage)",1
causal  (started,1
abbreviations ('85 and '09),1
"passive voice (""rate fell"")",1
"specific terminology (""unemployment rate"")",1
contractions ('00 for 2000),1
implicit temporal reference (year),1
economic terminology (unemployment,1
abbreviated form,2
descriptive labeling,1
color for differentiation,11
shapes for differentiation,1
positive assertion,1
specificity in data range,1
consistent,1
specificity in data size,3
reference to machine learning process,1
correlation between variables,1
emphasis on accuracy,1
importance of extensive vocabulary,1
negative evaluation,1
implication of progression,1
specificity in measurement,2
implicit evaluation,2
negativity,1
assertiveness,2
positive connotation,5
comparability,3
quantifiability,3
specificity in data presentation,1
numerical range,2
precision in numerical values,1
specificity in data representation,3
specific measurement,1
hypothesis suggesting,1
indication of anomaly,1
specificity in measurements,1
projective,1
measurement,4
measurement-oriented,2
parenthetical explanation,2
commas for separation,2
conjunction for final item,1
capitalization for emphasis,2
business-related terminology,2
digital evolution,1
internet usage,1
dependency on google,1
transformation in search engine usage,1
impact of internet expansion.,1
value judgement,1
corporate focus,1
capitalization,3
business jargon,2
indirect causation,1
pronouns.,1
financial jargon,2
tech industry-specific,1
temporal  (mid-2004),2
financial  (stock price),1
corporate  (goog),1
action-oriented  (started to increase),1
intensity,1
parenthetical clarification,1
negative statements,1
corporate existence context,1
digital industry terminology,1
gradual change,1
parenthetical information.,1
commerciality,1
digitality,1
passivity,1
temporal  (referring to specific time periods),1
financial  (referring to stock prices),1
causal  (suggesting a cause-effect relationship),1
"financial  (shares, prices)",1
"comparative  (exceeding, other)",1
quantitative  (four),1
parenthetical information,2
corporate jargon,1
specificity (referring to a specific entity - goog),1
abbreviated,7
present perfect tense,1
industry-specific,14
specific naming or labeling,1
collective,1
specificity in referencing companies,1
indication of a crisis event,1
expression of resilience or recovery,1
time reference (2010),1
positive progression or growth.,1
specificity in company identification,1
chronological,1
crisis-related,1
company-specific  (goog),1
time-specific references (mid-2004),1
comparative  (highest stock price),1
static description,1
business communication,1
specificity in location identification,1
movement-related,1
specificity in time,2
time frame,1
range in numerical data,1
political implications,1
repetitive,1
negative to positive transition,1
contrast conjunctions,1
color symbolism,4
binary categorization,1
labor market terminology,1
labor-related,2
progression-oriented,1
equality-focused,1
global scope,14
labor market context,1
labor market,1
gender perspective,1
employment trend,1
temporal specificity,1
temporal  (time passes),1
gender-specific  (female rate),1
quantitative  (slight peaks and troughs),1
cultural  (cultural differences,1
temporal  (referring to a specific time period - 1990),1
comparative  (comparing male labor force participation rate to other rates),1
human demographic,1
simple past tense,2
visualization-related terminology,1
growth-related terminology,1
automotive industry-specific,2
restructuring-related,1
industry-specific jargon,3
temporal  (june 2019),1
industry-specific  (auto industry employment),1
action-oriented  (hit),1
negative connotation  (bottom rock),1
context-specific,24
"technical terms (y-axis, zero)",1
conditional statements (if),1
possessive pronouns,3
colloquialism,1
job market,1
graphical data,1
visual communication,1
abstract interpretation,1
conveyance of status,1
indication of process or action,1
symbolism,1
context-specific terminology,3
redundancy,2
future possibility,3
preventive,1
pronoun,1
cause-effect relationship.,1
temporal terms,3
conditional conjunctions,1
adverbs to indicate change over time,1
causal .,1
control,1
measure,1
provide,1
security,1
protection,1
conditional mood,4
abstract terminology,1
indicative mode,2
causative expression,1
impersonal expression,1
conditional structure,1
problem-solving,1
causative,1
formal register,1
alarmist,1
control-oriented,1
scenario-based,1
overload-focused,1
media differentiation,1
visual cues,1
encoding information,1
specific industry focus (tv industry),1
comparative analysis (compared to other industries),1
economic aspect (ad spending rates),1
temp,1
negative trend indication,2
implicit persuasion,1
abstract noun usage,1
contrastive structure,2
present perfect continuous tense,1
impersonal subject,1
digital media,3
advertising,1
mobile communication,1
traditional print media,1
contemporary  trends,1
digital technology,1
trend-based,2
digital marketing,4
social media,2
business growth,1
singular subject,67
digital context,1
growth trend,2
advertising focus,1
growth-focused,2
market-related,1
technology-centric,1
market analysis,3
implication of trend analysis,1
abstract subject,1
continuous action,1
evolutionary,1
indirect reference to a subject,2
specific time frames,1
quantitative expression.,1
specific industry focus,1
digital focus,1
growth orientation,1
market-oriented,1
racial categorization,5
visual differentiation,1
encoding demographics,1
racial discrimination,1
employment inequality,2
corporate culture,1
diversity and inclusion,1
racial identification,2
socio-economic status,1
social demographic,2
ethnicity-related,1
racial discourse,1
sociocultural context,4
racial/ethnic identification,2
economic condition,1
of social issues,1
of racial identity,1
of employment,1
of time,1
racially descriptive,1
racial demographic,1
socio-cultural,2
ethnicity-based differentiation,1
socio-economic issues,1
systemic bias,1
ethnic favoritism,1
racial disparities,1
indication of a timeline,1
specific numerical data,3
reflects racial/ethnic demographics,1
indicates socioeconomic disparities,1
highlights unemployment rates,1
demonstrates hierarchical structure,1
contains statistical information,1
racial/ethnic diversity,1
racial focus,1
racial undertone,1
hypotheticality,1
ethnicity,1
socio-economic topic,1
absence of personal pronouns,5
academic,7
non-existent,1
single-worded,1
non-interactive,1
color coding for differentiation,2
geographical identifiers,1
geographical  (united states),1
quantitative  (very high),1
employment-related  (employment rate),1
specificity in gender identification,1
gender-based,1
consistency-related,1
socio-political context,1
employment and income-related,1
discrimination-related .,1
economic focus,4
temporal context (2009),1
geographical context (united states),1
statistical data (unemployment rate),1
gender distinction,1
comparative analysis (highest difference),1
visual-oriented,13
gender-specific context,1
implied causality,2
subjective interpretation,1
survival,1
specificity in categories,1
shape-based,1
percentage for measurement,1
exclusionary phrases,1
possessive,5
correlation,3
conditionality,3
symmetry,1
reciprocity,1
color descriptive,2
temporal  (annual reference),1
color-based differentiation,2
object-oriented,6
specificity in time periods,2
color-related,4
growth and decline,2
synchronicity,1
sequential progression,3
mutual interaction,1
inclusion of specific commodities,1
metaphorical expressions,1
comma,1
color descriptions,1
company names,2
specificity in naming entities,9
temporal expressions,1
color description,1
past and present tense,1
business-specific,1
"specific terminology (opioid crisis, generic drug manufacturers)",1
sale,3
factual and objective tone,1
chronological structure,1
activity,2
attribution,2
corporate identification,1
periodicity,1
exception handling,1
sequentiality,1
event-oriented,1
temporal characteristics,2
comparative characteristics,1
causal characteristics,1
descriptive characteristics,1
quantitative characteristics,1
"specific terminology (opioid pills, specgx llc)",1
chronological referencing,1
factual reporting,2
medical industry terminology,1
past and present tense usage,1
time measurements,1
range expression,3
range expression in,1
natural phenomena,1
temporal correlation,4
sequential events,1
duration measurement,1
parenthetical explanations,1
exaggeration,1
indefinite quantity,1
predictive nature,3
continuity in events,1
dichotomous,2
range-based,2
sequential order,2
predictive implication,1
binary opposition,5
positivity,1
definiteness,1
strength,1
familial,5
financial reporting,1
simplistic,2
color-coded categorization,1
sequential ordering,1
family-based grouping,1
product-focused,3
product-specific,3
commercial orientation,2
result-oriented,2
specificity in product identification,1
categorization,18
hierarchical structure,3
comparative elements,1
possibility,1
family-related,1
quantitative data interpretation,1
structured,25
cause-and-effect relationship,1
regional exception,1
subject matter (gun deaths),1
public safety issue,1
household context,1
mortality rate,1
consequence,2
societal issue,1
public safety topic,1
population-based measurement,1
quantitative relationship,1
ownership,1
range indication,1
application of visual cues,1
negative connotation associated with color,1
academic context,7
informational content,1
impersonal,1
probabilistic,2
"specific terminology (gpa, columbia university medical school)",1
impersonal perspective,1
importance,1
"specific terminology (mcat, gpa)",1
comparative phrases,2
exclusionary statements,1
"specific terminology (applicants, score, tests, likelihood, rejected)",1
standard english,2
conditional statement,2
impersonality,1
"specific terminology (mcat, score, points)",1
evaluative judgement,1
standardized testing,1
"specific terminology (mcat, columbia university medical school)",1
quantitative  (score of 520 or higher),1
specific terminology (mcat),1
finality,1
demographic terminology,1
visual representation terminology,3
mathematical concepts,2
semantic encoding,1
geographical categorization,2
implicit information conveyance,1
impact assessment,1
health-related terminology,4
risk assessment,4
health-related terminology.,1
economic conditions,1
health risks,1
population scale,1
currency usage,1
socio-economic indicators,1
comparative perspective,1
humanitarian focus,1
health-related issue,1
statistical probability,1
global health concern,1
cultural sensitivity,2
inclusion of statistical correlation,1
third person plural pronouns,1
socio-economic context.,1
global health context,2
risk-related,3
temporal categorization,1
visual representation of data,1
parentheses for clarification,2
hyphen for range specification,1
temporal comparison,2
population segmentation,2
public health,2
technological intervention,1
temporal  (2003-2008),1
comparative  (more of the urban populations were sleeping under itn than the rural populations),1
subject-specific terminology (itn),1
information technology,1
technological reference,2
public health terminology,1
human behavior,1
specialized terminology (itn),1
implicit temporal reference (across the entire survey period,1
authoritative source for credibility,1
categorical differentiation,7
multivariate data,2
shape coding,1
multimodal encoding,1
industrial focus,1
geographic relevance,2
performance characteristics,1
environmental suitability,1
industrial context,2
national entities,1
subject-specific  (automotive),2
automotive terminology,6
automotive,3
quantitativeness,3
mechanical,8
environmental terminology,1
evaluativeness,1
environmental consciousness,3
subject-specific terminology (car specifications),1
implicit value judgments,1
a middle-ground position,1
spatial metaphors,1
categorization .,1
efficiency focus,1
subject-specific terminology (automotive),1
specific terminology (miles_per_gallon),1
focus on efficiency,1
industrial,2
spatial reference,3
the definite article,3
comparative degree.,1
approximate,1
specific terminology (horsepower),1
range specification,2
unit of measurement,1
automotive technical,1
efficiency-focused,2
national identification,1
cause-and-effect reasoning,1
geographical context-specific,1
efficiency orientation,1
speed indifference,1
environmental,1
the present tense,4
the superlative degree.,1
consequence-oriented,1
of observation,1
of assumption,1
of balance,1
of evaluation,1
japanese,1
efficiency,1
car-related,1
inclusion,1
superlativity,1
specific (referring to adam sandler movies),1
temporal (referring to a specific year - 2014),1
referential,2
entertainment industry terminology,1
specific reference,1
popularity,1
commercial success,1
critical reception,1
public opinion,1
specific examples,2
categorical data,3
collective nouns (groups),1
passive voice (appear to obtain),1
"specific terminology (box office earnings, rotten tomatoes ratings",1
absence of jargon,1
neutrality,2
"specificity in referencing (pineapples group, rotten tomatoes ratings, box",1
referentiality,1
expressivity,1
possessive form,8
specific movie titles as examples,1
plural form,1
proper nouns.,2
film-related,7
celebrity-related,1
evaluative terms,1
implicit context,1
"specific terminology (rotten tomatoes rating, box office gross)",1
use,4
reference to popular culture,1
income-related,2
life expectancy-related,1
human lifespan context,3
abstract conceptualization,1
biological,4
sociological,2
human lifespan related,1
longevity-focused,1
biological/health-related,1
life expectancy,1
access to resources,1
quality of life,1
healthcare access,1
gender-specific perspective,2
health-related implications,3
global disparity,1
income inequality,1
economic disparity,1
poverty and deprivation,1
emotion-related,1
simple present tense,2
geographic disparity,1
age-related implications,1
access to self-care resources,1
inequality indication,1
life expectancy factors,1
implicit categorization,1
progression or development,1
enumerative,4
implicit hierarchy,1
explicit information,1
implicit information,1
specific terminology (gdp),1
implicit reference to statistical data,1
indicative of economic trends,1
quantifier,5
implicit assumption of wealth distribution,1
implicit temporal,1
quantitative data representation,2
progressive tense,1
developmental,1
plural,1
binary oppositions,1
incorrect sentence structure,1
lack of clarity in meaning,1
absence of a verb,1
incorrect usage of punctuation,1
inappropriate capitalization,1
relative pronouns,1
negative progression,1
geographical differentiation,2
geopolitical,1
continents identification,1
data mapping,1
specificity in numbers,1
large scale numbers,1
numerical data representation,1
neutral perspective,1
data provision,1
continents as subjects,1
descriptive nature,1
interrogative form,540
country-specific context,2
color as a descriptor,10
reference to graphical representation,2
geographical context.,2
quantitative analysis.,4
political/economic context,1
collective perspective,1
color reference,2
collective noun usage,1
subject-specific terminology (economy),1
statistical inquiry,25
specific terminology usage,1
indirect question,10
quotation marks,3
future tense implication,3
specific geographical locations,1
percentage and success-related terminology.,1
interrogative nature,1
focus on human behavior and perception,1
implicit assumption of variability in success rates.,1
hypothetical questioning,2
subject-verb-object structure,29
superlative degree,15
motivational,1
color terminology,6
value-based query,1
specific object reference (blue bar),1
questioning,9
percentage-based evaluation,1
interrogative,62
value-oriented,1
"subject-specific terminology (value, orange bar)",1
geographical reference (brazil),1
implicit request for data or information,3
english .,1
grammatical errors,3
unclear subject,1
absence of specific terminology,1
question form,1
possessive structure,3
numerical comparison,1
implicit reference to data analysis,2
religious,2
binary choice,4
controversial,1
religious context,7
inquiry-based,7
slash to indicate alternatives,1
adjectives for qualitative measurement,1
incorrect grammar,4
potential bias,2
subject matter related to religion,2
question format,14
statistical analysis implied,1
comparative analysis implied,1
implicit request for data interpretation,1
specificity in responses,1
"subject-specific terminology (religion, chart, percentage, religious extremism)",1
implicit comparison (smallest percentage),1
quantitative  (,3
subjective qualifiers,1
factual inquiry,23
statistical nature,3
specificity in subject (rwanda),1
population-related terminology,7
specificity (hong kong),1
population density focus,1
urban area specification,1
urban development context,1
singular noun usage,21
"technical terms (maximum, minimum, values)",1
implicit request for explanation,7
"the conjunction ""and",1
organization as a subject,1
comparative degree of adjective,1
media-related context,1
binary classification,1
american context,1
"technical terminology (bar, gallup)",1
request for precise information,1
preposition (of),1
singular noun usage (,1
focus on comparative assessment,2
quantitative evaluation,2
technical terminology (rasmussen reports),1
request for precise information (exact value),1
reference to data visualization,1
risk-related terminology,1
age-specific context,3
focus on risk aversion,1
group comparison,1
implicit assumption of multiple groups,1
superlative degree.,1
age-related terminology,1
quantitative inquiry,71
"inclusive scope (all groups, all years)",1
focus on risk assessment,1
specific age group focus,1
risk-related context,1
age-related categorization,1
consistency measurement,1
focus on comparative analysis,6
implicit reference to data or statistics,1
indefinite pronoun.,1
color specification,5
religious group specification,2
percentage calculation.,1
religious specificity,1
color-based,2
incorrect spelling or typographical error,1
misinterpretation due to homophones,1
potential for offensive misunderstanding,1
ambiguity in meaning,2
singular noun,1
indirect request for explanation,1
group-based inquiry,1
abstract concept (growth),1
comparative degree (least).,1
comparative assessment,5
group-based evaluation,1
static condition focus,1
percentage calculation,1
financial context,14
european union context,2
temporal distinction,1
specificity (specific year and event mentioned),2
"financial terminology (gross contributions, budget)",1
geographical context (,1
focus on geographical location,8
overall temporal scope,1
"specific financial terms (pre rebate, post rebate)",1
specific temporal context (2012),1
"financial context (eu budget, gross contributions, uk rebate",1
financial terminology used,1
interrogative sentence,2
"superlatives (largest, lowest)",1
financial terminology (employer pensions),1
quantitative terminology,2
specificity in subject matter,4
group differentiation,1
racial demographic focus,2
chart terminology,1
racial/ethnic identifiers,1
investment-specific,1
quantitative measure (percent),1
request for specific information (highest percent),1
reference to visual data (chart),1
implicit request for,2
racial terminology,1
racial demographic specification,1
investment-related,1
ethnicity-focused,1
grammatical error,1
ethnic specificity,1
investment-related context,1
future-oriented.,3
general context,2
indirect reference,3
income source specification,1
"technical terminology (data, x-axis)",1
implicit request for information,6
racial/ethnic terminology,1
inclusion of demographic variables,1
sociological context,1
racial specificity,1
inquisitive,2
variable-based inquiry,1
specific racial identifiers,1
the concept of rates in,1
absence of specific,1
unclear subject-object relationship,1
value judgment,1
moral and religious themes,1
hypothetical scenario,1
focus on causality,1
metaphor,1
subjective assessment,2
comparative evaluation,1
singular focus,1
relationship-related,1
lack of specific subject,1
indirect question format,1
interdisciplinary,1
implicit comparative analysis,1
abstract concept (longest on the blue scale),1
indirect reference (the,1
focus on statistical data,1
implicit reference to a specific context or dataset.,1
meteorological,1
personal naming,1
inclusion of proper noun,1
query format,3
political terminology,2
administrative,1
environmental context,1
personal pronoun,3
specific noun (sunshine),1
negative value,1
"subject-specific terminology (administration, rainfall)",1
singular subject focus,6
indirect request for comparative analysis,1
percentage for quantitative measurement,1
proper noun (major administration),1
implicit context requirement for,1
technical terminology (rank),1
numerical reference (1),1
the english,5
negative numerical value,1
"specific terminology (income rank, change in income)",1
implicit comparison or change over time,1
numerical references,1
rank-based assessment,1
positive/negative distinction,1
numerical value,3
technical term (rank),2
the english .,1
numerical reference,9
implicit temporal aspect,1
absence of personal pronouns.,1
lack of specific context,2
neutral stance inquiry,1
chart-based analysis,1
agreement/disagreement terminology,1
implicit assumption of a binary choice,1
summative conclusion,1
article,6
technical terms (y-axis),1
quantitative adjective,1
subject-verb structure,1
technical terminology (x-axis),2
specific terminology related to survey or,1
imperative mood,22
singular form,8
absence of subject,1
verb,1
subjective measurement (strongly agree),1
hypotheticalness,1
quotation marks for emphasis,1
"technical terminology (y-axis, measure)",1
implicit context (graphing or data representation),1
precise terminology,1
evaluative  (strongly agree),1
implicit request for numerical data,2
binary,2
emotional perception,1
community-related,1
technical terminology (all bar),1
comparative  (highest),1
the definite article (the),1
gender-specific focus,1
community-oriented,1
emotional perception-based,1
focus on quantitative data,6
involvement of demographic factors,1
emphasis on emotional aspect,1
community-focused,1
inclusion-oriented,1
emotion-oriented,1
specificity in age group,1
focus on demographic data,7
gender-specific inquiry,1
humanitarian context,5
specific demographic terminology,1
population-based context,2
specific demographic focus (syrian refugees),1
age-specific (12-17 years old),1
geopolitical context,1
humanitarian,2
age-specific categorization,2
inclusion of gender aspect,1
reference to a specific nationality (syrian),1
implies a comparison or,1
specific geographical references,3
"geographical context (us, syrian)",1
"humanitarian context (refugees, donated)",1
involvement of geographical entities,1
geographical context (netherlands),1
humanitarian context (syrian refugees),1
financial context (donation),1
"proper nouns (belgium, ireland)",1
focus on quantitative data (more donations),1
binary choice implied (,1
indirect reference to geographical location,1
implies a need for historical data.,1
collective action,1
mention of specific geographical entities,1
"subject-specific terminology (european commission, donations)",1
implicit context assumption (knowledge about the european commission,1
focus on philanthropic activity,3
macro-economic terminology,1
mis prepositions,2
philanthropic subject,1
macro-economic indicator.,1
past tense implication,1
computational,3
incorrect grammar structure,1
incorrect verb tense,1
lack of clarity in comparative analysis,1
specific geographical focus (netherlands),1
"statistical terminology (gdp, blue line total)",1
philanthropic,1
philanthropic terminology,1
macro-economic indicator,1
auxiliary verb,1
specific country reference,1
incomplete,1
ambiguous,1
open-ended,1
requires context,1
cultural context (japanese public),1
noun,7
implicit request for data,1
cultural context (chinese public),1
indirect communication,1
spatial terms,5
absence of verb,1
non-specific terminology,1
absence of action verb,1
grammatical inaccuracy,1
reference to specific entities (google and apple),1
implicit assumption of measurable difference.,1
color as an adjective,2
definite article.,2
age-specific terminology,1
plural nouns,3
singular nouns,1
numerical terms,1
relative,2
age-specific focus,1
human demographic inquiry,1
human-oriented.,1
comparative degree (lowest),3
specific gender reference (females),1
human demographic focus,1
focused on demographic data,3
specific age group targeted,1
statistical in nature,1
specific gender reference (males),1
temporal reference (age),1
implicit request for statistical information,1
implicit user-computer interaction,1
specific date reference,1
query-based,7
superlative degree usage,1
proper noun (duluth),1
abstract noun (peatland),1
quantifier (how much,1
specific object identification (bar),1
specificity (mentioning a specific place - waseca),1
"subject-specific terminology (crop, yield, waseca)",1
"subject-specific terminology (variety, yield)",1
singular subject form.,1
abstract concept (variety),1
focus on quantitative outcome,1
web-related,1
implicit context requirement,4
"the verb ""represent""",2
implicit context assumption,1
"subject-specific terminology (varieties, barley, sites)",1
implicit comparative analysis (most abundant),1
geographic scope (throughout all sites,1
subject-object structure,2
material terminology,1
technical terminology (x axis),3
specificity in location,1
subject-specific terminology (gabron),1
singular noun usage (gabron),1
plural noun usage (sites),1
definite article,2
proper noun,3
"specific terminology (yield, crop)",1
implicit reference to a data source,1
"specific terminology (yield, no 475)",1
quantitative measure (average),1
"specific terminology (site, yields, varieties)",1
implicit request,2
direct object.,1
implicit context dependency,1
specific terminology (trebi),1
comparative analysis (highest yield),1
"technical terminology (variety, yield, sites)",1
technical terminology (y axis),2
proper noun (grand rapids),1
past tense (was grown),1
specific terminology (glabron),1
"quantifier ""much""",1
"preposition ""in""",1
"noun ""peatland""",1
specificity (mentioning a particular site and variety),1
technical terminology (wisconsin no. 38),1
focus on utility or functionality,1
"subject-specific terminology (barley, yield, crookston)",1
agricultural terminology,1
financial valuation,1
specificity (specific farm and crop mentioned),1
comparative degree (,1
"subject-specific terminology (site, yield, barley)",1
implicit comparison (lowest overall yield),1
direct question format,4
"subject-specific terminology (barley, production, crookston)",1
"singular noun usage (variety, barley)",1
value-seeking,2
specificity in object identification,1
"subject-specific vocabulary (farm, barley)",1
quantitative  (least amount),1
implicit reference to a chart or graph,1
"specific terminology (site, yield, no. 462)",1
indirect request for data analysis,1
unclear reference,1
absence of specific  structure,1
implicit reference to coding or design,1
absence of specific context or object,1
"subject-specific terminology (variety, yield, duluth)",1
implicit comparison (highest yield),1
singular subject (variety),1
ge,1
statistical term (average),2
"domain-specific terminology (yield, varieties)",1
implicit reference to,1
absence of punctuation,2
incomplete sentence structure,1
"specific terminology (yield, trebi)",1
comparative analysis (two highest producers),1
natural phenomena reference,1
specificity in time frame (october),1
weather-related context,1
absence-oriented context,1
numerical quantifier,5
specificity in subject matter (weather types),1
temporal context (,1
the passive voice,1
temporal context.,1
subject-specific terminology (weather),1
meteorological context,1
"specificity (january, snow)",1
geographical entities,1
technical jargon (monotone),1
direct address,8
implicit assumption (all lines should or could be monotone),1
temporal context (year 2009),1
comparative  (higher than),1
specific terminology (gdp,1
temporal specification,3
specific geographical focus,1
abbreviations (pa),1
numerical reference (5),1
specific demographic focus (children under 5),1
"specificity in query (state, least, population)",1
specific age range specified,1
specific age reference,1
category-based inquiry,1
geographical reference (florida),1
age categorization,1
specific age group reference,1
geographic location specific,1
involves geographical context,1
requires numerical comparison,1
age-specific.,1
"specific terminology (state, age range, dominant population)",1
hypothetical assumption (does every,1
demographic information,1
possessive case,1
specific geographical location,2
demographic terms,1
visual data reference,1
indirect object reference,1
legal terminology application,2
numeric quantification,1
specific temporal reference,1
technical terminology (horizontal axis),1
legal terminology usage,1
"temporal markers (2017, 2010)",1
"quantitative terms (many, more)",1
past,1
data interpretation,1
specific company name (infocomm),1
reference to visual information (chart),1
specific time frame (2002-2015),1
industry-specific  (infocomm industry),1
quantitative  (lowest revenue,1
numeric data,1
company-specific,1
numeric reference,1
temporal references (2002 and 2010),1
specific industry terminology (infocomm industry),1
research-related terminology,1
reference to a specific event (r&d expenditures reaching 8000),1
research-specific terminology,1
development-oriented,1
academic terminology,1
future intention implication,2
"subject-specific terminology (engineering, bio sciences)",1
quantitative inquiry (percentage),1
future intention indication (intend to,1
"subject-specific terminology (chemistry, bio science)",1
implicit binary choice,1
specific subject focus,1
"subject-specific terminology (math, phys sci, env design)",1
visual data interpretation (graph),2
focus on comparison,1
transportation focus,1
daily time frame,1
transportation-specific terminology,1
distinction-based,1
focus on public transportation,1
daily frequency context,1
average-based analysis,1
subject-specific terminology (public transportation),2
preposition for relational context,1
specific terminology (bus ridership),1
ordinal numbers (third most),1
implicit comparison (used the most),1
transportation terminology,2
"subject-specific terminology (ridership, mrt)",1
indirect request for data,2
security-related,1
security-focused,1
focus on security,1
platform-based context,1
"subject-specific terminology (software platform, highest value)",1
visual data representation terminology,1
"quantitative term (""many"")",1
"specific terminology (""software platforms"", ""listed"", """,1
cybersecurity context,1
direct communication,1
specificity in request,1
focus on quantitative comparison,1
focused on specific information,1
ranking-based query,1
philanthropic context,1
large scale quantification,1
specificity (referring to a particular chart),1
monetary implication,2
implies a ranking or ordering system.,1
inclusion of specific geographical entities,1
exclusionary clause,1
the superlative degree,1
implies quantitative comparison,1
requires factual response,1
interrogative pronouns,1
inclusion of a specific geographical location,1
abbreviations (prt),1
specific terminology (rating),1
subjective evaluation,1
implicit request for data retrieval,1
specificity in geographical locations,1
evaluation based,1
singular subject structure,1
mathematical terminology,2
absence of adjectives,2
specificity in subject (a country),2
indirect object,1
monetary context,2
range determination,1
numerical quantification,3
"subject-specific terminology (chart, measuring)",1
direct,1
human-centric perspective,1
future continuous tense,1
plural noun,3
focused on quantitative data,1
specific temporal context,1
combination of multiple variables,1
specificity in service cost,2
abbreviations (bbc),2
numerals (3),1
specificity (bbc radio 3),1
subject-specific terminology (bbc radio 1),1
request for specific information (value),1
direct address to an information system,1
implicit expectation,1
direct question,1
economic aspect,1
service-oriented,1
prepositions (for),1
definite articles (the),1
numeric representation.,1
monetary value reference,1
specific group identification,2
democratic system,1
specific group focus,1
human-centered question,1
specificity in naming subjects,1
prepositions for relational context,2
geographical terminology,2
definite articles,1
subject-specific terminology (yamato flat inland plain),1
quantitative inquiry (value of the bar),1
singular subject focus (the,1
lack of technical terminology,1
specificity in location names,1
specific location (yamato flat inland plain),1
specific location reference,1
approximation,2
population-related query,1
specificity in location (gojo yoshino),1
chart-related,1
specificity (danish capital region),1
human  (english),1
focus on population,1
negative connotation (least),1
indirect reference to a specific location,1
comparative analysis.,1
specific regional reference,1
quantitative information request,1
population-focused.,1
general vocabulary,1
specific terminology (danish capital region),1
"technical terminology (length, perl, bird, category)",1
"subject-specific vocabulary (bird, shortest, length)",1
specificity in naming categories,1
subject-specific terminology (dill bird category),1
measurement-related  (length),1
indirect request for information,1
specificity in referencing categories,1
measurement inquiry,1
scientific context (ohm),1
indirect object structure,1
specificity in question (longest in length),1
definite article (,1
absence of technical terminology,1
simple structure,2
the sentence is interrogative,1
the sentence is comparative,1
the sentence involves geographical names,1
the sentence involves measurement (length),1
the sentence contains parenthetical,1
biological terminology,5
colon for clarification,1
inclusion of specific geographical locations,2
biological terminology usage,1
subject-focused,1
interrogative sentence structure,1
biological taxonomy reference,1
subject-specific terminology (bird species),1
"geographical references (guatemala, honduras)",1
superlative (,1
"subject-specific vocabulary (bird species, panama)",1
quantitative question,1
"specific terminology (passengers, handled, bristol)",1
request for quantitative data,1
implicit reference,1
third person,1
specificity (belfast city),1
subject-verb-object syntax,1
inclusion of personal names,1
personal,1
personal noun usage,1
competitive context,1
personal identification,2
inclusion of specific personal names,2
percentage and mathematical concepts,1
technical term (percentage),1
implicit context required for understanding.,1
personal pronoun usage,1
proper noun usage,1
numerical concept.,1
possessive determiner,1
third person singular,1
proper noun.,1
percentage as a measurement unit,1
quantitative measure (percentage points),1
comparative structure (most),1
comparative term,1
sports-related context,6
sports-related terminology,6
comparative degree usage,1
sports-related terminology.,1
focus on quantity,1
quantity-related vocabulary,1
"subject-specific  (sports, finance)",1
proper noun (cleveland cavaliers),1
comparison structure,1
specific team names,1
a mathematical concept (difference in points),1
specificity (mentioning specific basketball teams),1
subject-specific  (sports),1
indirect request,3
location-specific,1
specific team name,1
numerical inquiry,1
"specificity in entities (detroit pistons, cleveland cavaliers)",1
"subject-specific terminology (basketball team, value, graph)",1
quantitative analysis (least value),1
focus on performance,1
the noun phrase.,1
command,25
graphic,2
interactive,42
user-centered,4
task-oriented,20
visual representation terms,2
categorical data terms,1
absence of verbs,3
nouns related to the film industry,1
command-oriented,166
business intelligence,6
genre-specific,11
command-based,76
visualization-oriented,16
user-friendly,8
casual,1
hypothesis testing,1
"subject-specific terminology (heavy cars, dataset)",1
implicit request for data analysis,2
singular-plural structure,1
singular-focused,1
movie rating,2
film industry-specific,25
numeric,1
data visualization-focused,27
comparative analysis-based,1
categorization-oriented,1
"subject-specific terminology (cylinder cars, fuel economy)",1
implicit comparison (highest),1
future-oriented (have),1
action-specific,21
data-focused,45
data visualization terminology,1
domain-specific,13
indicative of quantitative data analysis,1
implies a comparative,1
commanding,65
analysis-driven,1
user-centeredness,1
open-ended request,1
automotive context,1
entertainment industry-specific,2
creative industry-specific,1
direct command,2
short sentence,1
functionality,6
common english words,1
specific terminology related to finance,1
user-centric,2
visualization-focused,16
time-sensitive,5
business metrics,1
statistical tool,2
computer programming,4
user interaction,1
graphic design,1
operational,5
countable,1
region-specific,8
status-based,1
shipping industry,2
geographical relevance,1
syntax-based,1
visualization,16
entertainment industry specific,3
production-related,2
aggregation,4
grouping,5
sub-grouping,1
data categorization,8
hierarchical organization,1
aggregative,2
task-specific,13
database query,6
directive,4
instructional tone,2
data organization,3
charting,1
function-specific,4
action-driven,34
temporal-based,3
film industry,6
specificity in instructions,1
clarity in communication,1
data,2
visualization-centric,2
function-based,4
organizational,2
imperative form,8
noun as object,1
temporal reference.,1
direct interaction,2
information retrieval,1
relational,1
rating-related,2
website-specific,1
categorizing,1
subject matter related to mechanical engineering,1
"technical terms (horsepower, acceleration)",1
seeking a relationship or correlation,1
implicitly,1
investigative,2
spreadsheet,1
data representation,2
visual representation-focused,6
business terminology-inclusive,2
data analysis-related,2
visualization terminology,2
non-specific,2
spatial organization,1
aggregated data request,1
rating system-specific,2
task-focused,5
visualization-related,10
film review,4
inquiry,1
model-specific,2
"subject-specific terminology (movie, production budget, content rating)",1
implicit comparison (highest production budget),1
temporal aspect (had),1
"subject-specific terminology (major genre, highest average worldwide gross)",1
implicit temporal context (had implies past tense),1
"specificity in subject matter (major genre, lowest average worldwide gross)",1
industry-related,1
"subject-specific terminology (movies, creative type)",2
singular-plural contrast,1
"subject-specific terminology (creative type, movies)",1
implicit comparison (the most),2
specificity (referring to a particular group - creative type),1
"technical terms (production budget, worldwide gross, content rating)",1
focus on correlation or relationship,1
specificity (each content,1
"subject-specific terminology (distribution, running times, movie)",1
implicit comparison (each movie),1
"quantitative  (distribution, times)",1
"specific terminology (imdb rating, rotten tomatoes rating)",1
hypothesis generation,1
"simple,",1
"subject-specific terminology (cylinders, cars, manufactured)",1
comparative structure (different countries),1
cross-cultural,1
actionable,3
singular and plural noun usage,2
"subject-specific terminology (mileage, cars, cylinders)",1
implicit comparison (based on the number of cylinders),1
"technical terminology (cylinder count, mileage)",1
"implicit comparison (higher, lower)",1
assumption-based (assumes a relationship between,1
subject matter related to automotive industry,1
involves a relationship or correlation,1
requires quantitative analysis,1
utilizes technical terms (mile,1
categorical terms,1
categorical aspect,1
transactional context,2
category-based,3
quantitative measure (average profit),2
geographical context (each state),2
economic context (profit),2
singular noun usage (the,1
specificity in instruction,2
data-specific,6
data-centric,3
specificity in subject matter (orders and order quantity),1
preposition for,1
sql-like,1
unambiguity,1
unidimensional,1
functional,12
classification,1
order of importance,1
visual-centric,1
direct.,1
syntax of a programming,3
mathematical functions,2
parentheses to indicate function parameters,1
capital letters to denote specific variables or functions,1
graphical representation focused,1
unambiguous,1
parentheses to denote function parameters,1
capital letters for function names,1
variable,1
status indication,1
data retrieval,4
request-oriented,1
requesting,1
outcome-focused,3
english-based syntax,1
two-variable relationship,1
graphical plotting,1
command-driven,2
syntax-specific,1
data manipulation,25
relational database oriented,1
grouping-based,3
multivariate analysis,1
graphical interpretation,1
data segmentation,4
web platform,1
query,24
data visualization-oriented,1
simplified syntax,2
attribute-based,1
function-oriented,2
function-driven,1
parameter-based,1
spatially-aware,1
specificity-focused,3
spatial-oriented,1
quantitative-oriented,1
predictive analytics,1
time-series data,1
business intelligence-related,1
color-coding involved,1
action verb,3
"subject-specific terminology (mpg, cylinder type)",1
"comparative analysis (varies, different)",1
subject-specific (weight),1
jargon,1
"specific terminologies (cars, produced, origin, cylinders)",1
implicit user intent,1
multivariate request,1
multivariate,2
data categorization terms,1
color as a distinguishing factor,1
geographical aspect,1
categorization-based,1
temporal phrase,1
film industry jargon,2
absence of specific context,1
mis terminology,1
english-based,2
"specific terminology (average production budget, movies, year)",1
category-specific,4
time-based,1
specific industry terminology,1
aggregation function,1
pairing or grouping,1
profit calculation,1
subject-specific  (movie genre),1
economic  (gross),1
comparative  (most),1
global perspective  (worldwide),1
customizable,1
natural,2
"proper nouns (imdb, rotten tomatoes)",1
conjunction (and),1
nouns (rating),1
visualization-specific,5
context-aware,1
specificity in subject (products),1
quantitative measurement (quantity ordered),1
specificity (referring to 'single quantity'),1
business terminology (products,1
automotive specific,1
"industry-specific terminology (orders, product category)",1
distributive,1
"subject-specific terminology (worldwide gross distribution, genre)",1
progressiveness,1
specific domain  (automotive),1
database interaction,1
simplified-syntax,1
direct object usage,1
verb-object structure,1
user-generated content .,1
genre categorization,1
sales-focused,1
data grouping,2
color-coding,4
broad,2
general,1
cross-disciplinary,1
comparison (vs.),1
categorization (cluster),1
geographical context (region),1
semantic clarity,3
noun usage,1
instructional nature,1
quantitative focus,1
non-specificity,1
absence of clear subject-object relationship,1
non-latin script,1
context-specific interpretation,1
cultural significance,1
north american cultural context,1
short form or abbreviation,1
national identity,1
"specific jargon (rotten tomatoes rating, imdb rating)",1
future,1
genre and rating classification,1
entertainment industry,2
aggregate,4
temporal reference (each year),1
subject matter (production budget),1
implicit reference to a specific,1
rating system,3
"subject-specific terminology (creative types, movies)",1
singular form (the most movies),1
action-based,1
numerical implication,1
categorical implication,1
inclusion of specific subject (movies),1
classification by category (genre),1
subject-specific (movies),1
length-based categorization,1
implicit request for data aggregation,1
length-based,1
transport-related,1
singular and plural elements,1
noun phrase,2
abbreviation-utilizing,1
interactive engagement,1
information simplification,1
user-friendly interface,1
grouping function,1
origin-based classification,1
comparison-based,2
platform-specific,2
functions/methods,1
application in data manipulation,1
parentheses to enclose parameters,1
spaces for readability,1
graphical format,1
quantitative information display,1
frequency distribution depiction,1
genre-based categorization,1
content rating,1
financial analysis,3
informational,2
database,1
calculation-focused,1
syntax,1
command in data analysis,1
orderly,1
sequential structure,1
data analysis tool,1
graphical technique,1
quantitative data display,1
film industry terminology,1
aggregation function usage,2
data sorting instruction,2
geographic data reference,1
business metric reference,1
visualization instruction,1
absence of clear syntax,1
presence of action words,1
data aggregation,1
sorting,2
noun as adjective,1
typographical errors,1
lack of technical jargon,1
generalized terminology,1
content-specific,3
user interface,1
nouns to denote specific categories,1
action,1
aggregate data inquiry,1
graphical representation-oriented,1
grouping-oriented,1
categorical distinction,2
content-focused,1
grouping-enabled,1
comparative analysis-oriented,1
colons for assignment,1
"specific terminology (origin, colors)",1
geographical and,1
quantitative measure (weight),1
comparative term (various),1
general topic (cars,1
"subject-specific terminology (range, weights, cars)",1
implicit request for quantitative data,1
direct address.,1
data categorization-focused,1
grouping and categorization,1
plural forms,1
simple syntax,1
sales-oriented,1
structure-oriented,1
geographical segmentation,2
business analytics-related,3
profit and sales-oriented,1
business analytics,1
data visualization specific,1
legend-based categorization,1
domain-specific  (film industry),1
specific data points,1
reference to popular culture databases,1
media-focused context,1
dual-entity evaluation,1
segment-specific,1
mode-based,1
sorting-specific,1
film industry specific,1
request for categorized data,1
specificity (referring to 'creative types' and 'most movies,1
logistics-related,1
color-coded data,1
grouped data,1
multivariate display,1
entity-specific,1
order-specific,1
compound nouns,1
absence of action verbs,1
business operation,1
linguistic simplicity,1
creative-focused,1
subject-object-verb structure,1
preposition at the end,1
direct object,1
prepositional phrase,2
of instruction,1
of origin,1
of interpretation,1
of communication,1
of coding,1
objective-focused,1
quantitative communication,1
film industry-specific terminology.,1
contextual relevance,1
logical structure,1
media production,1
content analysis,1
average calculation-related,1
visual data representation,2
rating classification,2
data querying,1
time-series analysis,1
film rating-specific,1
action words,1
common,1
common business terminology,1
absence of grammatical structure,1
no clear subject or object,1
"subject-specific terminology (mpg, cylinders)",1
implicit assumption of variable correlation,1
noun-focused structure,1
absence of action,1
subject matter related to physics,1
"technical terms (acceleration, horsepower)",1
implies a cause-effect relationship,1
requires quantitative,1
"physical properties focus (acceleration, horsepower)",1
implicit reference to a system or mechanism,1
quantitative assessment.,1
subject-specific (automobiles),1
generalized scope,1
"technical terminology (mpg, displacement)",1
implicit request for data visualization,1
mechanical terminology,1
subject-specific (automotive industry),1
